,System Pout Consumption Energy [kWh],System Pout AC-coupling Energy [kWh],System Pin Consumption Energy [kWh],System Pin Injection Energy [kWh],System Batt Charge Energy [kWh],System Batt Discharge Energy [kWh],Solar Power Energy [kWh]
2018-01-01,6.265833333333219,0.0,0.0,0.0,4.306574960000001,-4.672860198333337,6.237333333333321
2018-01-02,6.2643333333332,0.0,0.0,0.0,0.8842555116666676,-4.914500888333339,2.4704999999999973
2018-01-03,2.597000000000002,0.0,0.0,0.0,0.3959086983333338,-2.5730339033333767,0.577500000000001
2018-01-04,0.0,0.0,0.0,0.0,0.05320967999999999,-0.08968569000000173,0.1011666666666655
2018-01-05,1.993666666666674,0.0,0.0,0.0,2.070405056666667,-0.9895866516666677,3.205499999999995
2018-01-06,3.369999999999888,0.0,0.0,0.0,10.209434439999995,-2.239543694999997,11.569333333333308
2018-01-07,3.3599999999998884,0.0,0.0,0.0,0.7234669083333335,-2.346314519999999,1.7101666666666675
2018-01-08,3.3821666666665573,0.0,0.0,0.0,0.2876119249999997,-2.5294322716666646,1.0971666666666673
2018-01-09,3.3724999999998913,0.0,0.0,0.0,0.053430965,-2.5146403583333186,0.8521666666666673
2018-01-10,3.3349999999998845,0.0,0.0,0.0,4.456789533333336,-2.183291006666668,5.751999999999997
2018-01-11,3.321333333333228,0.0,0.0,0.0,7.890221036666662,-2.279530744999989,9.19133333333332
2018-01-12,3.331666666666544,0.0,0.0,0.0,5.488123206666668,-2.212153964999997,6.793166666666649
2018-01-13,3.475999999999952,0.0,0.0,0.0,12.014304675000004,-2.374403443333338,13.476500000000005
2018-01-14,3.444333333333266,0.0,0.0,0.0,7.987624319999998,-2.3262334249999905,9.398666666666678
2018-01-15,3.787833333333276,0.0,0.0,0.0,5.197390483333333,-2.5192691150000055,6.687000000000004
2018-01-16,3.83999999999993,0.0,0.0,0.0,0.6361665633333335,-2.9615519366666545,1.6176666666666695
2018-01-17,3.8579999999999135,0.0,0.0,0.0,0.30140084499999986,-2.8202015683333532,1.425833333333333
2018-01-18,3.8496666666665984,0.0,0.0,0.0,0.009508518333333334,-3.4294724016666924,0.5036666666666668
2018-01-19,3.841999999999928,0.0,0.0,0.0,1.477087388333334,-2.932556878333342,2.538000000000001
2018-01-20,3.840166666666597,0.0,0.0,0.0,0.0,-3.657955450000012,0.23449999999999865
2018-01-21,3.869333333333258,0.0,0.0,0.0,0.00024569333333333333,-3.4405148816666533,0.46783333333333293
2018-01-22,3.844333333333263,0.0,0.0,0.0,0.08738882499999998,-3.211509998333342,0.8086666666666672
2018-01-23,3.8648333333332436,0.0,0.0,0.0,8.676375141666675,-2.5865244400000096,10.364666666666663
2018-01-24,3.88149999999992,0.0,0.0,0.0,11.766114226666673,-2.55689336666666,13.542333333333302
2018-01-25,3.906166666666573,0.0,0.0,0.0,8.129895048333337,-2.524883765000003,9.828333333333324
2018-01-26,3.9516666666665374,0.0,0.0,0.0,1.2261697116666668,-2.743045218333334,2.497666666666667
2018-01-27,3.926833333333256,0.0,0.0,0.0,6.373625360000005,-2.618669591666668,7.932666666666658
2018-01-28,3.8451666666665973,0.0,0.0,0.0,4.646034586666663,-2.5764271233333336,6.162499999999991
2018-01-29,3.86399999999993,0.0,0.0,0.0,3.8960505749999967,-2.588641654999996,5.385999999999993
2018-01-30,3.8631666666666,0.0,0.0,0.0,3.537302166666667,-2.561570669999997,5.049166666666646
2018-01-31,3.8426666666665974,0.0,0.0,0.0,3.341421326666666,-2.5781825516666688,4.813999999999974
2018-02-01,3.83999999999993,0.0,0.0,0.0,1.9780206383333334,-2.871973098333329,3.1196666666666673
2018-02-02,3.8441666666665983,0.0,0.0,0.0,3.9312227349999977,-2.6261690466666803,5.418166666666662
2018-02-03,3.8788333333332643,0.0,0.0,0.0,2.7101014533333316,-2.8685660583333457,3.882833333333339
2018-02-04,3.860999999999936,0.0,0.0,0.0,1.8353616550000007,-2.6023531300000013,3.2913333333333323
2018-02-05,3.944999999999868,0.0,0.0,0.0,3.245821449999999,-2.5595711033333406,4.763499999999994
2018-02-06,3.991833333333219,0.0,0.0,0.0,3.5505015583333326,-2.501546248333344,5.164500000000006
2018-02-07,3.9246666666666172,0.0,0.0,0.0,3.033683165000002,-2.521742141666674,4.623499999999975
2018-02-08,3.849333333333267,0.0,0.0,0.0,3.219165381666667,-2.507042958333331,4.776166666666659
2018-02-09,3.8494999999999346,0.0,0.0,0.0,3.1435207383333337,-2.522220845000007,4.698666666666659
2018-02-10,3.8683333333332643,0.0,0.0,0.0,2.9703139866666795,-2.485750878333332,4.560333333333316
2018-02-11,3.8666666666666027,0.0,0.0,0.0,1.8397899283333332,-2.76897339833334,3.095166666666663
2018-02-12,3.8426666666665947,0.0,0.0,0.0,1.6311250149999994,-2.5997590399999937,3.0430000000000015
2018-02-13,3.853499999999933,0.0,0.0,0.0,4.672059546666662,-2.4755986216666668,6.324166666666671
2018-02-14,3.8599999999999373,0.0,0.0,0.0,3.03343160500003,-2.460440138333335,4.64316666666665
2018-02-15,3.840833333333264,0.0,0.0,0.0,0.0,-3.7885275800000056,0.09283333333333223
2018-02-16,3.83999999999993,0.0,0.0,0.0,0.0,-3.7214583849999974,0.15966666666666526
2018-02-17,3.857666666666597,0.0,0.0,0.0,0.0,-3.57428019166668,0.29783333333333467
2018-02-18,3.8796666666665915,0.0,0.0,0.0,8.200019708333338,-2.7176501016666714,9.724000000000002
2018-02-19,3.898833333333263,0.0,0.0,0.0,10.125781619999996,-2.437738838333332,12.005166666666678
2018-02-20,3.9364999999998753,0.0,0.0,0.0,2.589132444999999,-2.667461056666675,4.001000000000002
2018-02-21,3.9629999999999317,0.0,0.0,0.0,3.568235309999998,-2.4464829816666644,5.253666666666658
2018-02-22,4.015499999999867,0.0,0.0,0.0,3.0595442916666777,-2.352023756666673,4.864166666666654
2018-02-23,4.0466666666665745,0.0,0.0,0.0,2.9337743816666957,-2.3239215983333366,4.736499999999994
2018-02-24,3.929166666666608,0.0,0.0,0.0,2.8201612450000253,-2.47177230666667,4.477666666666663
2018-02-25,3.857999999999932,0.0,0.0,0.0,2.3507610433333332,-2.407451104999996,3.9724999999999966
2018-02-26,3.8563333333332688,0.0,0.0,0.0,3.0051996983333686,-2.3077288049999978,4.782999999999999
2018-02-27,3.894333333333265,0.0,0.0,0.0,2.7332684083333536,-2.324379001666663,4.495500000000005
2018-02-28,4.006999999999857,0.0,0.0,0.0,2.7989444750000017,-2.3189328966666745,4.608999999999978
2018-03-01,3.9789999999999064,0.0,0.0,0.0,2.629264900000001,-2.29510226500001,4.449833333333335
2018-03-02,3.9219999999999113,0.0,0.0,0.0,2.5494707400000007,-2.3761970549999942,4.260500000000002
2018-03-03,3.902499999999945,0.0,0.0,0.0,2.413900583333335,-2.4436858416666785,4.033499999999999
2018-03-04,3.9753333333332352,0.0,0.0,0.0,3.0535261299999994,-2.2775070816666636,4.916000000000005
2018-03-05,3.5123333333332725,0.0,0.0,0.0,2.5200186416666686,-2.0472322366666638,4.133166666666672
2018-03-06,3.573166666666518,0.0,0.0,0.0,2.0667657433333324,-2.179316498333335,3.532833333333338
2018-03-07,3.3648333333332245,0.0,0.0,0.0,1.9648034416666664,-2.072589574999998,3.300499999999999
2018-03-08,3.496999999999927,0.0,0.0,0.0,2.3438044583333326,-2.2283514349999978,3.696666666666665
2018-03-09,4.737333333333353,0.0,0.0,0.0,2.706678823333343,-2.9610284699999947,4.614166666666663
2018-03-10,6.039833333333318,0.0,0.0,0.0,3.3257078683333305,-3.4520931699999977,6.094833333333323
2018-03-11,5.390833333333273,0.0,0.0,0.0,1.7470708666666668,-3.1596420799999914,4.173000000000007
2018-03-12,5.686166666666637,0.0,0.0,0.0,3.7926579833333323,-3.662068335000003,6.004499999999984
2018-03-13,6.12049999999996,0.0,0.0,0.0,3.5436752266666685,-3.9880170633333316,5.920333333333328
2018-03-14,9.604000000000033,0.0,5.599166666666658,0.0,7.149215926666665,-2.871617733333336,8.501333333333326
2018-03-15,15.063333333333306,0.0,13.67883333333332,0.0,4.663661561666661,-3.2414860999999986,2.8994999999999966
2018-03-16,14.517499999999995,0.0,11.37883333333333,0.0,4.802430851666675,-4.48700738,3.4100000000000006
2018-03-17,12.072000000000063,0.0,9.128833333333336,0.0,5.860219465000009,-6.009634010000002,3.114333333333334
2018-03-18,11.068833333333322,0.0,6.702499999999999,0.0,6.064249853333332,-5.678742906666665,5.042166666666657
2018-03-19,12.990499999999987,0.0,9.315833333333327,0.0,5.138081724999998,-3.9790975283333254,5.106000000000004
2018-03-20,18.034166666666625,0.0,11.74299999999999,0.0,6.769343093333329,-6.585209078333335,6.924833333333323
2018-03-21,16.37683333333336,0.0,11.506666666666668,0.0,7.742827376666656,-6.305579240000003,6.638666666666668
2018-03-22,21.199833333333284,0.0,15.238666666666653,0.0,8.547027448333337,-6.757991604999998,8.334833333333314
2018-03-23,21.552000000000096,0.0,14.660833333333326,0.0,7.375623056666669,-6.85289836166667,7.88266666666664
2018-03-24,19.06766666666673,0.0,11.57599999999999,0.0,7.564460365000005,-7.659000203333336,7.9314999999999936
2018-03-25,19.94399999999995,0.0,11.403833333333337,0.0,8.826300999999996,-8.381912775,9.734333333333321
2018-03-26,20.009166666666733,0.0,14.30633333333333,0.0,8.42935727,-7.506973294999994,7.156166666666662
2018-03-27,16.88616666666661,0.0,9.144666666666664,0.0,9.261803771666669,-8.974651720000004,8.741166666666658
2018-03-28,19.272666666666556,0.0,14.982000000000028,0.0,8.327286695000002,-7.3627695916666624,5.8571666666666555
2018-03-29,20.142166666666622,0.0,19.52866666666665,0.0,10.32225938000001,-10.484117841666672,0.9688333333333358
2018-03-30,20.442833333333294,0.0,16.165333333333344,0.0,9.031147376666663,-6.923795581666666,6.7693333333333205
2018-03-31,18.578333333333244,0.0,11.048500000000008,0.0,10.136904243333325,-9.433541054999997,8.888666666666659
2018-04-01,17.869999999999987,0.0,14.548000000000005,0.0,8.522920781666672,-7.066268311666662,5.1825
2018-04-02,18.63749999999995,0.0,9.667166666666665,0.0,7.9010545433333315,-8.272733370000005,9.195999999999978
2018-04-03,17.55866666666666,0.0,13.670666666666659,0.0,7.827668639999986,-6.098555430000008,6.106166666666677
2018-04-04,16.291499999999996,0.0,10.947833333333323,0.0,6.273130811666661,-6.155528489999994,6.082666666666667
2018-04-05,19.609000000000037,0.0,14.92650000000004,0.0,7.623087628333342,-6.488033533333333,6.346333333333344
2018-04-06,17.565999999999992,0.0,11.918499999999991,0.0,7.928139068333341,-5.812252188333336,8.190833333333329
2018-04-07,21.39899999999992,0.0,10.790166666666655,0.0,8.129120296666652,-8.694026405000006,10.803833333333317
2018-04-08,17.400999999999932,0.0,10.989666666666663,0.0,7.090736258333347,-6.059452723333333,8.06516666666663
2018-04-09,16.228500000000015,0.0,8.305333333333328,0.0,7.722912958333333,-6.8020774966666755,9.494833333333306
2018-04-10,16.13750000000004,0.0,11.138833333333313,0.0,6.8318920400000005,-5.883170143333334,6.520333333333325
2018-04-11,15.638499999999992,0.0,8.78616666666667,0.0,6.896793238333335,-6.364701316666666,7.775999999999992
2018-04-12,18.303999999999995,0.0,11.273999999999964,0.0,7.2865869950000075,-6.5616599899999954,8.411666666666664
2018-04-13,17.530166666666673,0.0,8.985499999999995,0.0,7.843381733333337,-7.049034654999998,10.057833333333338
2018-04-14,16.407000000000004,0.0,9.790000000000004,0.0,7.232325398333331,-5.836048860000002,8.686333333333327
2018-04-15,18.587666666666625,0.0,12.690166666666672,0.0,6.972416773333339,-6.4007070633333285,6.960833333333329
2018-04-16,,,,,,,
2018-04-17,19.190666666666527,0.0,11.184166666666675,0.0,8.135251628333316,-7.30668415166667,9.519166666666658
2018-04-18,19.453833333333378,0.0,11.894833333333336,0.0,7.621923130000001,-6.806173660000007,9.032833333333341
2018-04-19,21.356499999999915,0.0,13.030166666666654,0.0,8.57756550666665,-7.620415668333334,9.739166666666675
2018-04-20,20.22633333333338,0.0,13.421333333333314,0.0,7.300579911666667,-6.047307260000002,8.507166666666645
2018-04-21,19.024833333333348,0.0,9.976500000000007,0.0,7.440811331666671,-6.805485148333332,10.081333333333351
2018-04-22,18.525833333333303,0.0,9.556166666666668,0.0,9.30084925833333,-8.438900221666671,10.574333333333302
2018-04-23,16.282500000000013,0.0,7.44300000000001,0.0,8.422580419999997,-7.6204236866666655,9.93366666666665
2018-04-24,17.392333333333397,0.0,9.044833333333335,0.0,8.035768418333335,-6.84955624,10.014666666666661
2018-04-25,18.141166666666603,0.0,8.501000000000007,0.0,8.305938713333328,-7.811723703333324,10.301500000000011
2018-04-26,19.624999999999865,0.0,10.514166666666663,0.0,10.110871494999996,-8.576397128333332,11.579000000000013
2018-04-27,19.283999999999864,0.0,9.831499999999995,0.0,10.172439201666675,-9.301536570000005,10.995500000000005
2018-04-28,19.501499999999933,0.0,11.031999999999986,0.0,9.385235200000011,-8.093573003333347,10.483666666666652
2018-04-29,16.533000000000005,0.0,11.405166666666672,0.0,8.204474206666658,-7.878998101666673,5.990333333333313
2018-04-30,14.572166666666664,0.0,5.818500000000004,0.0,7.833907585000002,-6.747459034999994,10.49466666666668
2018-05-01,14.038000000000004,0.0,7.327666666666662,0.0,6.252524133333338,-5.893149533333339,7.697166666666666
2018-05-02,14.297500000000074,0.0,6.241666666666663,0.0,7.631263346666673,-6.547410993333319,9.676666666666655
2018-05-03,14.714500000000067,0.0,7.902833333333342,0.0,7.754320343333327,-6.947882065000003,8.122999999999983
2018-05-04,14.013166666666667,0.0,3.3671666666666678,0.0,6.282381518333336,-6.4950595633333394,11.074166666666653
2018-05-05,7.887666666666769,0.0,4.0518333333333345,0.0,6.457167335000002,-3.2901029699999915,7.495999999999997
2018-05-06,5.983666666666624,0.0,0.0,0.0,3.368337241666661,-2.8213963366666683,6.887000000000014
2018-05-07,5.823833333333444,0.0,0.0,0.0,3.1533405800000014,-3.575190433333341,5.750166666666636
2018-05-08,5.87766666666669,0.0,0.0,0.0,4.464365278333336,-3.661808525000003,7.076166666666661
2018-05-09,5.8440000000000785,0.0,0.0,0.0,3.512695241666668,-3.0816616483333377,6.627333333333334
2018-05-10,5.836500000000074,0.0,0.0,0.0,3.023068069999996,-2.962669458333333,6.265833333333328
2018-05-11,6.103999999999994,0.0,0.0,0.0,3.749471136666668,-2.82158682666666,7.450499999999965
2018-05-12,5.888833333333445,0.0,0.0,0.0,3.430017685000001,-2.8924202183333434,6.821833333333347
2018-05-13,5.902500000000049,0.0,0.0,0.0,3.349247806666669,-2.8611514133333267,6.791500000000017
2018-05-14,5.898166666666745,0.0,0.0,0.0,3.5372598233333337,-3.1132720316666673,6.709166666666667
2018-05-15,5.946500000000009,0.0,0.0,0.0,3.318683955,-3.7733619583333393,5.832499999999999
2018-05-16,5.985500000000025,0.0,0.0,0.0,4.1420667999999985,-3.2515502050000014,7.2266666666666435
2018-05-17,6.053833333333324,0.0,0.0,0.0,3.64529373,-3.3507303183333192,6.6793333333333145
2018-05-18,7.401000000000056,0.0,3.2956666666666674,0.0,4.173755205000003,-3.152745284999997,5.358833333333341
2018-05-19,5.834833333333342,0.0,0.0,0.0,3.310178264999997,-2.984621874999998,6.517499999999995
2018-05-20,6.033999999999954,0.0,0.0,0.0,3.8748494516666647,-3.520054134999993,6.733499999999995
2018-05-21,5.802833333333402,0.0,0.0,0.0,3.47159246166667,-2.8094335366666674,6.847666666666669
2018-05-22,5.751333333333403,0.0,0.0,0.0,3.229064395,-2.792357078333328,6.528499999999988
2018-05-23,5.839666666666726,0.0,0.0,0.0,3.6539440833333336,-3.105469051666658,6.754499999999995
2018-05-24,5.896833333333331,0.0,0.0,0.0,3.3206848466666656,-2.8191359700000036,6.767666666666701
2018-05-25,5.947833333333318,0.0,0.0,0.0,3.2541429133333324,-2.829788463333339,6.728499999999979
2018-05-26,5.952666666666621,0.0,0.0,0.0,3.124905828333333,-3.471767751666663,5.91199999999998
2018-05-27,6.012499999999928,0.0,0.0,0.0,4.023279598333334,-2.929460836666668,7.5096666666666465
2018-05-28,6.074166666666667,0.0,0.0,0.0,3.7001123900000024,-3.4315795316666735,6.698833333333308
2018-05-29,6.005499999999995,0.0,0.0,0.0,3.6154008999999974,-2.8877605233333354,7.119666666666702
2018-05-30,6.011,0.0,0.0,0.0,3.114090341666667,-3.3965392933333294,6.088499999999973
2018-05-31,6.167499999999938,0.0,0.0,0.0,4.205618455000002,-3.1782630233333355,7.650166666666659
2018-06-01,6.1061666666666605,0.0,0.0,0.0,3.661738553333335,-3.2700464799999915,6.874166666666658
2018-06-02,5.988499999999941,0.0,0.0,0.0,3.3616643233333354,-2.7455975883333323,6.9645
2018-06-03,5.908833333333331,0.0,0.0,0.0,3.152922668333333,-2.916046168333332,6.510166666666675
2018-06-04,5.971499999999997,0.0,0.0,0.0,3.456147206666667,-2.846199603333329,6.924999999999982
2018-06-05,5.994833333333339,0.0,0.0,0.0,3.227329410000006,-2.8945053733333292,6.680833333333366
2018-06-06,6.065333333333294,0.0,0.0,0.0,3.288683248333331,-2.9478043716666633,6.774666666666639
2018-06-07,5.77733333333345,0.0,0.0,0.0,3.3854197200000002,-2.6628236999999966,6.854666666666641
2018-06-08,5.761666666666782,0.0,0.0,0.0,3.1544604883333345,-2.9085461100000014,6.343333333333333
2018-06-09,5.847000000000021,0.0,0.0,0.0,3.296688403333332,-2.7135105783333366,6.788999999999995
2018-06-10,5.761500000000059,0.0,0.0,0.0,3.1714864083333323,-2.732355204999999,6.560499999999971
2018-06-11,5.760000000000117,0.0,0.0,0.0,2.5086678599999988,-3.3844801483333353,5.193166666666665
2018-06-12,5.747166666666758,0.0,0.0,0.0,3.6053336599999986,-3.389465496666675,6.269666666666634
2018-06-13,5.76416666666678,0.0,0.0,0.0,2.0106436966666674,-3.4778167883333513,4.562999999999987
2018-06-14,5.730500000000009,0.0,0.0,0.0,5.350111978333341,-2.597292826666667,8.917499999999997
2018-06-15,5.800833333333276,0.0,0.0,0.0,3.458296454999997,-2.7542973399999915,6.891999999999985
2018-06-16,5.995166666666661,0.0,0.0,0.0,3.074475423333333,-3.1500481000000056,6.247499999999977
2018-06-17,5.803000000000026,0.0,0.0,0.0,3.3549831366666654,-2.7866653799999925,6.739999999999993
2018-06-18,5.731000000000038,0.0,0.0,0.0,3.3317974233333336,-2.672982486666659,6.764499999999999
2018-06-19,5.818499999999931,0.0,0.0,0.0,3.25265625,-2.8686558783333234,6.577166666666655
2018-06-20,5.987833333333283,0.0,0.0,0.0,3.3566704033333363,-2.981206731666672,6.699833333333323
2018-06-21,5.928666666666642,0.0,0.0,0.0,3.3035863699999988,-2.722440621666662,6.872333333333341
2018-06-22,5.909333333333319,0.0,0.0,0.0,3.4169283866666693,-2.951353081666661,6.740333333333289
2018-06-23,5.761833333333342,0.0,0.0,0.0,3.2551988249999995,-2.7894281399999903,6.581333333333322
2018-06-24,5.922333333333282,0.0,0.0,0.0,2.718534301666669,-3.4434477900000022,5.486833333333315
2018-06-25,12.036166666666663,0.0,4.348333333333334,0.0,4.797021166666662,-4.954910456666672,7.825999999999995
2018-06-26,16.758833333333307,0.0,8.575000000000005,0.0,7.612134720000006,-6.920980611666655,9.470333333333336
2018-06-27,21.031999999999847,0.0,10.368499999999996,0.0,9.163297849999996,-9.490170776666663,11.1358333333333
2018-06-28,17.413666666666597,0.0,7.183166666666663,0.0,8.83995647833333,-7.881330970000001,12.09849999999995
2018-06-29,19.2036666666667,0.0,11.991666666666672,0.0,10.22144106833333,-8.742319716666668,9.558666666666658
2018-06-30,19.86433333333337,0.0,11.108499999999985,0.0,9.883907333333346,-8.316825210000003,11.028333333333311
2018-07-01,16.231499999999997,0.0,7.574833333333324,0.0,7.78335498666667,-6.538195233333329,10.528499999999989
2018-07-02,17.092833333333296,0.0,5.4008333333333365,0.0,9.423364923333342,-9.71761092333333,12.3623333333333
2018-07-03,18.059833333333234,0.0,9.933833333333329,0.0,7.972199096666673,-8.564192901666681,8.338999999999983
2018-07-04,19.96199999999995,0.0,14.99016666666668,0.0,10.982005121666663,-8.903993280000016,8.684166666666663
2018-07-05,21.050666666666725,0.0,26.144333333333314,0.0,16.998947156666656,-13.153000865000005,0.004
2018-07-06,21.828166666666597,0.0,25.559000000000005,0.0,15.185539268333327,-12.484751356666667,0.0
2018-07-07,17.581500000000037,0.0,19.48100000000001,0.0,12.86607844833332,-11.90360801166667,0.0
2018-07-08,18.946333333333367,0.0,19.756499999999985,0.0,11.778854101666665,-11.888538049999982,0.0
2018-07-09,17.30116666666668,0.0,20.22283333333336,0.0,12.009788336666665,-9.730077365000007,0.0
2018-07-10,,,,,,,
2018-07-11,16.174166666666668,0.0,17.85750000000001,0.0,10.133893796666664,-8.96153290666666,0.0
2018-07-12,16.89649999999996,0.0,9.300499999999987,0.0,7.492552323333326,-7.033619026666669,8.720666666666629
2018-07-13,17.266666666666687,0.0,11.722333333333335,0.0,9.77513457166666,-7.851339888333326,8.403166666666639
2018-07-14,19.101333333333216,0.0,13.394500000000004,0.0,10.908785486666671,-9.446013546666652,8.20583333333331
2018-07-15,18.392166666666686,0.0,12.60216666666668,0.0,9.77104758166667,-7.9950584650000005,8.474999999999993
2018-07-16,17.080500000000004,0.0,12.068833333333332,0.0,10.091977788333338,-8.47975564166666,7.3124999999999885
2018-07-17,17.580333333333353,0.0,14.976,0.0,10.59921043666667,-8.92484906500001,5.108166666666639
2018-07-18,16.580500000000022,0.0,11.817666666666693,0.0,9.475738773333328,-6.917431841666663,8.276166666666638
2018-07-19,17.150166666666635,0.0,11.490166666666672,0.0,9.229344121666681,-7.52710159333334,8.341500000000005
2018-07-20,17.402999999999942,0.0,10.623333333333344,0.0,9.199627261666667,-9.188715013333333,7.6453333333333315
2018-07-21,17.357499999999934,0.0,14.450333333333333,0.0,10.95159227333333,-10.634210180000013,4.425666666666644
2018-07-22,16.726833333333264,0.0,14.300499999999996,0.0,11.302501816666668,-7.364892956666661,7.303333333333323
2018-07-23,15.463166666666638,0.0,7.687000000000006,0.0,7.132262066666665,-6.793364393333331,8.548833333333329
2018-07-24,14.234666666666657,0.0,8.760000000000002,0.0,8.968670289999999,-7.21491759833334,7.990333333333322
2018-07-25,16.778666666666656,0.0,13.476499999999998,0.0,8.978528285000015,-6.684565706666663,6.355000000000004
2018-07-26,17.10383333333325,0.0,13.099833333333322,0.0,8.443623311666673,-6.866326178333334,6.24783333333332
2018-07-27,15.803666666666684,0.0,8.951166666666659,0.0,8.43048452333334,-7.326216389999998,8.729666666666665
2018-07-28,17.05733333333323,0.0,13.478666666666673,0.0,9.428750028333335,-8.807060168333317,5.036000000000001
2018-07-29,17.60216666666655,0.0,12.932333333333341,0.0,9.371272613333337,-6.924649356666665,8.093999999999987
2018-07-30,17.41400000000004,0.0,8.925000000000006,0.0,9.272491281666664,-7.8492274033333285,10.72699999999996
2018-07-31,16.758666666666674,0.0,9.690000000000005,0.0,8.971365998333331,-8.104662900000003,8.711333333333336
2018-08-01,18.58616666666666,0.0,12.830666666666673,0.0,9.812822563333333,-9.590046933333326,6.898166666666614
2018-08-02,17.931666666666647,0.0,13.84166666666665,0.0,10.583329113333331,-7.136509701666664,8.609333333333307
2018-08-03,19.26333333333324,0.0,13.705666666666682,0.0,10.06308858000001,-8.995457966666669,7.694833333333305
2018-08-04,19.128333333333384,0.0,14.422666666666666,0.0,10.765051383333338,-10.084927693333345,6.492333333333317
2018-08-05,17.965333333333305,0.0,11.965499999999992,0.0,10.552159136666658,-8.584325731666684,8.967833333333314
2018-08-06,17.145666666666713,0.0,11.317166666666672,0.0,9.88997926666668,-8.366363663333324,8.31616666666663
2018-08-07,16.094833333333344,0.0,7.470833333333337,0.0,9.011488315000012,-8.422299146666681,10.235499999999973
2018-08-08,18.058833333333194,0.0,13.193666666666674,0.0,11.228398248333336,-9.10206361666665,7.976499999999992
2018-08-09,17.813166666666607,0.0,14.090666666666667,0.0,10.527253203333327,-9.89660365166667,5.27566666666665
2018-08-10,18.011833333333293,0.0,12.563499999999989,0.0,10.748405401666679,-7.723347490000003,9.547166666666637
2018-08-11,16.588666666666715,0.0,10.026500000000006,0.0,8.638587300000005,-7.197563631666674,8.944333333333308
2018-08-12,16.33750000000004,0.0,9.35983333333334,0.0,8.392865914999998,-7.461110131666664,8.866333333333325
2018-08-13,14.767666666666612,0.0,11.918499999999984,0.0,9.199132988333341,-7.778855888333323,5.249999999999996
2018-08-14,16.216833333333266,0.0,13.35366666666668,0.0,7.949153491666666,-6.94590249833333,4.741499999999964
2018-08-15,17.75049999999994,0.0,12.490333333333348,-0.00016666666666666666,8.670926406666661,-6.641747503333332,8.27066666666664
2018-08-16,14.68950000000007,0.0,12.861999999999998,0.0,9.399593843333337,-6.129779784999987,6.173833333333318
2018-08-17,14.888833333333311,0.0,11.635166666666654,0.0,8.540333745000009,-7.114308343333325,5.4889999999999555
2018-08-18,16.73966666666659,0.0,12.103166666666649,0.0,8.999830141666656,-7.976549711666665,6.443
2018-08-19,15.984999999999928,0.0,10.196000000000014,0.0,7.576496393333332,-6.9500248199999985,7.091166666666619
2018-08-20,15.990666666666591,0.0,11.416499999999994,0.0,8.281865923333337,-7.030072416666664,6.733333333333317
2018-08-21,15.783999999999986,0.0,13.380666666666649,0.0,8.951477106666669,-6.892420914999993,5.195166666666628
2018-08-22,15.82716666666669,0.0,10.21533333333334,0.0,8.13162495333334,-7.086715455000009,7.15116666666664
2018-08-23,11.701500000000072,0.0,8.288666666666664,0.0,7.345250766666677,-5.464351758333331,5.989166666666649
2018-08-24,12.151833333333354,0.0,9.869333333333323,0.0,7.217483875000002,-5.6144275366666685,4.547166666666644
2018-08-25,12.897166666666768,0.0,10.150999999999998,0.0,6.626731904999994,-5.9573097650000015,3.98766666666667
2018-08-26,12.114500000000106,0.0,8.227000000000002,0.0,6.73637147833333,-5.083446258333331,6.137499999999994
2018-08-27,12.424833333333426,0.0,9.06716666666666,0.0,7.151793994999992,-5.0530965899999964,6.21933333333332
2018-08-28,13.479666666666738,0.0,9.076166666666683,0.0,7.367152755000003,-5.650672140000001,6.794666666666661
2018-08-29,16.7618333333334,0.0,12.361833333333335,0.0,7.047038851666667,-6.824230746666663,5.11783333333332
2018-08-30,13.339500000000008,0.0,10.766499999999985,0.0,6.796522658333334,-3.747910764999997,6.252999999999998
2018-08-31,11.273333333333522,0.0,9.269333333333302,0.0,5.438476811666665,-4.759191478333338,3.152166666666666
2018-09-01,10.694833333333419,0.0,11.110833333333325,0.0,6.701477063333334,-5.506532083333336,1.2970000000000035
2018-09-02,9.94683333333344,0.0,4.934666666666666,0.0,6.163952091666666,-5.431802019999996,6.513666666666647
2018-09-03,13.889333333333328,0.0,10.401666666666666,0.0,5.927329118333327,-5.0396062749999935,4.703666666666648
2018-09-04,19.299333333333234,0.0,18.99466666666671,0.0,7.63944607166668,-5.808722503333333,2.9218333333333324
2018-09-05,16.08683333333339,0.0,13.165666666666706,0.0,7.66182519666668,-6.817131210000001,4.629333333333329
2018-09-06,15.853500000000086,0.0,13.343833333333345,0.0,8.692740771666672,-7.100754809999995,4.8288333333333195
2018-09-07,9.612000000000064,0.0,8.62433333333334,0.0,7.672581833333334,-4.812503736666668,4.64249999999998
2018-09-08,5.55683333333339,0.0,0.0,0.0,3.6091890933333355,-3.133023405000004,6.390666666666646
2018-09-09,5.580666666666687,0.0,0.0,0.0,3.448562826666668,-3.167988749999993,6.2330000000000005
2018-09-10,5.532666666666694,0.0,0.0,0.0,2.757885674999998,-3.2084450683333308,5.452000000000007
2018-09-11,5.398000000000124,0.0,0.0,0.0,4.119661708333334,-3.229517348333325,6.6433333333333255
2018-09-12,5.480833333333425,0.0,0.0,0.0,3.0007475266666748,-3.1681489883333334,5.67116666666668
2018-09-13,5.347500000000113,0.0,0.0,0.0,4.645703023333337,-3.3738817966666517,6.963000000000005
2018-09-14,5.296000000000112,0.0,0.0,0.0,3.384952413333336,-3.3341117883333307,5.71266666666665
2018-09-15,5.446833333333412,0.0,0.0,0.0,2.928091301666668,-3.233784891666685,5.491500000000003
2018-09-16,5.485333333333477,0.0,0.0,0.0,1.4105105433333338,-3.4395448633333334,3.7423333333333293
2018-09-17,5.3075000000001085,0.0,0.0,0.0,7.514772971666661,-3.180643179999998,10.078666666666688
2018-09-18,5.326833333333432,0.0,0.0,0.0,2.914145333333332,-3.197236796666674,5.420499999999974
2018-09-19,5.299166666666764,0.0,0.0,0.0,5.1200919033333285,-3.1557734100000037,7.6338333333333255
2018-09-20,5.312500000000093,0.0,0.0,0.0,2.903118583333329,-3.1686549550000076,5.393499999999991
2018-09-21,5.424333333333355,0.0,0.0,0.0,4.483947288333331,-3.388547338333333,6.920333333333321
2018-09-22,5.552000000000019,0.0,0.0,0.0,4.596609071666665,-3.456730218333335,7.099166666666656
2018-09-23,5.689833333333321,0.0,0.0,0.0,4.724606030000001,-3.807872616666675,7.002833333333317
2018-09-24,5.591500000000101,0.0,0.0,0.0,3.5259776783333314,-3.396430480000005,6.081666666666631
2018-09-25,5.594500000000078,0.0,0.0,0.0,5.189639283333331,-3.4101162116666703,7.731666666666646
2018-09-26,5.569500000000136,0.0,0.0,0.0,3.2297503783333323,-3.322270014999999,5.8239999999999945
2018-09-27,5.567500000000071,0.0,0.0,0.0,3.317634129999994,-3.413802718333332,5.819833333333296
2018-09-28,5.371833333333453,0.0,0.0,0.0,5.532950309999998,-3.2800887883333374,8.003833333333318
2018-09-29,5.394333333333464,0.0,0.0,0.0,3.3927561566666693,-3.2895906783333317,5.88149999999999
2018-09-30,5.448833333333463,0.0,0.0,0.0,2.8759343333333347,-3.5214102000000134,5.156499999999981
2018-10-01,5.333333333333399,0.0,0.0,0.0,0.1442047999999999,-4.187252023333332,1.5241666666666673
2018-10-02,5.447666666666752,0.0,0.0,0.0,5.238176388333327,-3.3880709333333376,7.604333333333321
2018-10-03,5.540000000000081,0.0,0.0,0.0,8.017808443333344,-3.3526659799999967,10.59216666666676
2018-10-04,5.557666666666766,0.0,0.0,0.0,4.87678504333333,-3.4210928516666708,7.336666666666636
2018-10-05,5.602166666666755,0.0,0.0,0.0,3.2149193549999935,-3.329574566666672,5.8296666666666646
2018-10-06,5.494000000000109,0.0,0.0,0.0,2.6597703283333334,-3.467766025000012,4.991833333333326
2018-10-07,5.437500000000094,0.0,0.0,0.0,5.2308759766666775,-3.3538806033333475,7.629666666666679
2018-10-08,5.4336666666667695,0.0,0.0,0.0,4.6960677933333335,-3.2877867399999965,7.146833333333309
2018-10-09,5.416833333333438,0.0,0.0,0.0,4.422953173333329,-3.2436543033333356,6.856500000000012
2018-10-10,5.506000000000028,0.0,0.0,0.0,3.201326818333331,-3.5843803249999917,5.371999999999991
2018-10-11,5.523000000000016,0.0,0.0,0.0,1.628852155,-3.542709446666674,3.8100000000000036
2018-10-12,7.506500000000188,0.0,5.633166666666698,0.0,6.763225814999986,-3.301093613333338,5.735999999999993
2018-10-13,5.516333333333375,0.0,0.0,0.0,4.76220878333333,-3.4406646849999962,7.109999999999988
2018-10-14,5.519333333333393,0.0,0.0,0.0,3.2320079916666686,-3.4073258299999973,5.654666666666671
2018-10-15,5.525000000000011,0.0,0.0,0.0,2.885626386666665,-3.535520836666661,5.097333333333326
2018-10-16,5.441833333333411,0.0,0.0,0.0,3.4992908683333335,-3.430310858333329,5.778666666666648
2018-10-17,5.45166666666675,0.0,0.0,0.0,5.832627233333335,-3.3078300550000015,8.276166666666658
2018-10-18,5.437166666666759,0.0,0.0,0.0,4.6597652183333285,-3.40599096333333,6.950166666666655
2018-10-19,5.429333333333421,0.0,0.0,0.0,3.5695786083333365,-3.3685448683333408,5.874999999999989
2018-10-20,5.4326666666667585,0.0,0.0,0.0,3.24206484666667,-3.48738772666667,5.431333333333328
2018-10-21,5.425500000000091,0.0,0.0,0.0,5.047556945000001,-3.48710816,7.251833333333323
2018-10-22,5.425333333333435,0.0,0.0,0.0,4.77178379666667,-3.521231880000003,6.929166666666685
2018-10-23,5.441000000000084,0.0,0.0,0.0,3.6485233416666647,-3.482104579999999,5.8653333333333215
2018-10-24,5.452000000000075,0.0,0.0,0.0,4.558583693333339,-3.596981381666673,6.670333333333321
2018-10-25,5.435333333333428,0.0,0.0,0.0,4.6984004683333325,-3.5624109716666794,6.829666666666672
2018-10-26,5.429166666666766,0.0,0.0,0.0,4.544393241666665,-3.5061721116666735,6.705333333333306
2018-10-27,5.499000000000041,0.0,0.0,0.0,0.09551922999999997,-4.415784849999988,1.222000000000001
2018-10-28,5.5110000000000285,0.0,0.0,0.0,0.4785257116666667,-3.9241993933333337,2.1440000000000006
2018-10-29,5.526666666666685,0.0,0.0,0.0,0.1754543066666667,-4.39387301833332,1.3538333333333372
2018-10-30,5.530166666666679,0.0,0.0,0.0,2.291092596666667,-3.6897091483333346,4.331499999999993
2018-10-31,4.840999999999963,0.0,0.0,0.0,0.5220141633333334,-3.2423633966666587,2.314166666666672
2018-11-01,3.6964999999999426,0.0,0.0,0.0,3.1199220583333327,-2.061984553333334,5.062166666666656
2018-11-02,5.532166666666685,0.0,0.0,0.0,3.8856984800000003,-3.791853189999993,5.898833333333326
2018-11-03,4.978333333333307,0.0,0.0,0.0,4.472316764999997,-3.2044353466666626,6.545333333333326
2018-11-04,5.525666666666684,0.0,0.0,0.0,0.6043842083333341,-3.9153319633333115,2.4279999999999995
2018-11-05,5.079499999999981,0.0,0.0,0.0,2.8078744816666656,-3.5760292083333374,4.579333333333323
2018-11-06,4.137499999999923,0.0,0.0,0.0,0.11893374500000001,-3.0011346566666535,1.3988333333333367
2018-11-07,5.51933333333335,0.0,0.0,0.0,5.894197571666665,-3.6902537050000044,8.058333333333339
2018-11-08,5.302666666666658,0.0,0.0,0.0,3.668060803333336,-3.460385506666672,5.822666666666661
2018-11-09,4.61383333333328,0.0,0.0,0.0,4.196460086666665,-2.9365973150000007,6.18766666666665
2018-11-10,5.022166666666644,0.0,0.0,0.0,2.6956204850000014,-3.2620253849999994,4.7416666666666485
2018-11-11,4.3951666666665945,0.0,0.0,0.0,9.34558401166667,-2.5619196566666647,11.619333333333312
2018-11-12,5.495666666666702,0.0,0.0,0.0,11.499701551666673,-3.7405977233333187,13.704166666666689
2018-11-13,5.4931666666667045,0.0,0.0,0.0,9.235914448333334,-3.802259458333332,11.359833333333304
2018-11-14,5.478833333333383,0.0,0.0,0.0,7.437490743333337,-3.7781362316666582,9.523000000000003
2018-11-15,,,,,,,
2018-11-16,5.467666666666729,0.0,0.0,0.0,5.409594241666665,-3.7744409900000107,7.401499999999982
2018-11-17,5.490333333333391,0.0,0.0,0.0,3.5565081683333317,-3.766200986666667,5.599999999999982
2018-11-18,5.472166666666726,0.0,0.0,0.0,5.309502953333337,-3.784411845000004,7.286999999999983
2018-11-19,5.520333333333349,0.0,0.0,0.0,1.424853516666666,-4.01787155833332,3.1071666666666666
2018-11-20,5.500166666666699,0.0,0.0,0.0,5.934593468333338,-3.8452395833333353,7.937333333333322
2018-11-21,5.529333333333341,0.0,0.0,0.0,0.41319994166666646,-4.088753038333347,2.0388333333333324
2018-11-22,5.496666666666703,0.0,0.0,0.0,8.651494771666666,-3.8542322366666535,10.681000000000017
2018-11-23,5.522833333333347,0.0,0.0,0.0,0.4245036666666668,-4.1530269683333225,2.001833333333331
2018-11-24,5.7033333333332825,0.0,0.0,0.0,8.287908379999996,-3.9828483383333304,10.381500000000022
2018-11-25,5.680333333333391,0.0,0.0,0.0,5.822981956666672,-3.9959527400000128,7.825166666666657
2018-11-26,5.533333333333352,0.0,0.0,0.0,0.08635040833333328,-4.427826715000018,1.3149999999999966
2018-11-27,5.527500000000017,0.0,0.0,0.0,0.05766418,-4.524616721666672,1.2321666666666675
2018-11-28,5.530000000000017,0.0,0.0,0.0,7.308010169999995,-3.917491108333334,9.288333333333307
2018-11-29,5.52033333333335,0.0,0.0,0.0,2.788222568333334,-3.7458247716666544,4.824833333333328
2018-11-30,5.520000000000016,0.0,0.0,0.0,0.1408799533333334,-4.448148911666647,1.3666666666666702
2018-12-01,5.504166666666695,0.0,0.0,0.0,7.192032339999999,-3.8455043133333207,9.20783333333332
2018-12-02,5.520000000000016,0.0,0.0,0.0,0.0,-5.3826256950000335,0.20633333333333168
2018-12-03,3.608499999999948,0.0,0.0,0.0,0.0016017033333333333,-3.4293356783333295,0.2900000000000013
2018-12-04,0.311166666666667,0.0,0.0,0.0,1.9079050699999995,-0.3557282016666658,2.1131666666666673
2018-12-05,0.0,0.0,0.0,0.0,8.91092108833334,-0.06478641000000046,9.28449999999999
2018-12-06,0.0,0.0,0.0,0.0,0.179265075,-0.06713427333333376,0.23283333333333237
2018-12-07,0.0,0.0,0.0,0.0,10.367508985000002,-0.061606176666666825,10.811833333333327
2018-12-08,0.0,0.0,0.0,0.0,1.1291949316666678,-0.06467246000000036,1.2601666666666669
2018-12-09,0.0,0.0,0.0,0.0,0.5998522883333334,-0.0649046466666671,0.7065000000000015
2018-12-10,0.0,0.0,0.0,0.0,1.026674191666667,-0.06481641666666677,1.1580000000000015
2018-12-11,0.0,0.0,0.0,0.0,1.5640923816666676,-0.06356615166666695,1.6460000000000017
2018-12-12,0.0,0.0,0.0,0.0,0.8630053583333333,-0.06263346166666699,0.9076666666666678
2018-12-13,0.0,0.0,0.0,0.0,0.6767411299999996,-0.0627865949999998,0.7801666666666712
2018-12-14,0.0,0.0,0.0,0.0,0.5613940866666663,-0.06283838666666677,0.6189999999999979
2018-12-15,0.0,0.0,0.0,0.0,0.651553488333333,-0.06333328000000009,0.7866666666666723
2018-12-16,0.0,0.0,0.0,0.0,0.48144504333333116,-0.06411832333333321,0.45283333333333503
2018-12-17,0.0,0.0,0.0,0.0,0.39039211666666346,-0.06449524833333309,0.32516666666666477
2018-12-18,0.0,0.0,0.0,0.0,0.3362767916666634,-0.06354296999999988,0.36283333333333034
2018-12-19,0.0,0.0,0.0,0.0,0.3021015899999992,-0.06541968499999992,0.23716666666666472
2018-12-20,0.0,0.0,0.0,0.0,0.32454380333333344,-0.06653810666666646,0.3401666666666666
2018-12-21,0.0,0.0,0.0,0.0,0.2612675999999997,-0.0670107583333329,0.2224999999999983
2018-12-22,0.0,0.0,0.0,0.0,0.3314086149999993,-0.06501518000000014,0.30599999999999816
2018-12-23,0.0,0.0,0.0,0.0,0.3138668733333319,-0.06609303999999955,0.2551666666666642
2018-12-24,0.0,0.0,0.0,0.0,0.26123597666666576,-0.0663080983333333,0.20983333333333068
2018-12-25,0.0,0.0,0.0,0.0,0.316814431666667,-0.0639349049999996,0.3324999999999974
2018-12-26,0.0,0.0,0.0,0.0,0.3061221433333329,-0.0632907183333334,0.31366666666666604
2018-12-27,0.0,0.0,0.0,0.0,0.3095022833333324,-0.0625705416666667,0.3259999999999988
2018-12-28,0.0,0.0,0.0,0.0,0.29689408999999983,-0.06418580999999987,0.24966666666666462
2018-12-29,0.0,0.0,0.0,0.0,0.29251148166666774,-0.06327333833333296,0.31233333333333196
2018-12-30,0.0,0.0,0.0,0.0,0.28848940000000056,-0.06395228500000007,0.26799999999999746
2018-12-31,0.0,0.0,0.0,0.0,0.2792824049999992,-0.06356461666666634,0.2566666666666644
